"AAR_KVARTAL";"FYLKE";"ANTALL";"PROSENT"
"2016K1";"00 I alt";673331;100
"2016K1";"03 Oslo";77006;11,4
"2016K1";"11 Rogaland";63897;9,5
"2016K1";"15 Møre og Romsdal";33427;5
"2016K1";"18 Nordland - Nordlánnda";29916;4,4
"2016K1";"31 Østfold";37187;5,5
"2016K1";"32 Akershus";90602;13,5
"2016K1";"33 Buskerud";32533;4,8
"2016K1";"34 Innlandet";43254;6,4
"2016K1";"39 Vestfold";30585;4,5
"2016K1";"40 Telemark";20992;3,1
"2016K1";"42 Agder";38377;5,7
"2016K1";"46 Vestland";79612;11,8
"2016K1";"50 Trøndelag - Trööndelage";57812;8,6
"2016K1";"55 Troms - Romsa - Tromssa ";20636;3,1
"2016K1";"56 Finnmark - Finnmárku - Finmarkku";9468;1,4
"2016K1";"98 Utland";1;0
"2016K1";"99 Ukjent";8026;1,2
"2016K2";"00 I alt";673098;100
"2016K2";"03 Oslo";77331;11,5
"2016K2";"11 Rogaland";63833;9,5
"2016K2";"15 Møre og Romsdal";33326;5
"2016K2";"18 Nordland - Nordlánnda";29776;4,4
"2016K2";"31 Østfold";37196;5,5
"2016K2";"32 Akershus";90831;13,5
"2016K2";"33 Buskerud";32534;4,8
"2016K2";"34 Innlandet";43113;6,4
"2016K2";"39 Vestfold";30483;4,5
"2016K2";"40 Telemark";20918;3,1
"2016K2";"42 Agder";38392;5,7
"2016K2";"46 Vestland";79654;11,8
"2016K2";"50 Trøndelag - Trööndelage";57632;8,6
"2016K2";"55 Troms - Romsa - Tromssa ";20558;3,1
"2016K2";"56 Finnmark - Finnmárku - Finmarkku";9425;1,4
"2016K2";"98 Utland";1;0
"2016K2";"99 Ukjent";8095;1,2
"2016K3";"00 I alt";672903;100
"2016K3";"03 Oslo";77301;11,5
"2016K3";"11 Rogaland";63618;9,5
"2016K3";"15 Møre og Romsdal";33186;4,9
"2016K3";"18 Nordland - Nordlánnda";29652;4,4
"2016K3";"31 Østfold";37181;5,5
"2016K3";"32 Akershus";90960;13,5
"2016K3";"33 Buskerud";32640;4,9
"2016K3";"34 Innlandet";42975;6,4
"2016K3";"39 Vestfold";30488;4,5
"2016K3";"40 Telemark";20842;3,1
"2016K3";"42 Agder";38469;5,7
"2016K3";"46 Vestland";79700;11,8
"2016K3";"50 Trøndelag - Trööndelage";57625;8,6
"2016K3";"55 Troms - Romsa - Tromssa ";20500;3
"2016K3";"56 Finnmark - Finnmárku - Finmarkku";9369;1,4
"2016K3";"98 Utland";1;0
"2016K3";"99 Ukjent";8396;1,2
"2016K4";"00 I alt";673244;100
"2016K4";"03 Oslo";77250;11,5
"2016K4";"11 Rogaland";63736;9,5
"2016K4";"15 Møre og Romsdal";33095;4,9
"2016K4";"18 Nordland - Nordlánnda";29526;4,4
"2016K4";"31 Østfold";37215;5,5
"2016K4";"32 Akershus";91216;13,5
"2016K4";"33 Buskerud";32564;4,8
"2016K4";"34 Innlandet";42937;6,4
"2016K4";"39 Vestfold";30478;4,5
"2016K4";"40 Telemark";20848;3,1
"2016K4";"42 Agder";38512;5,7
"2016K4";"46 Vestland";79807;11,9
"2016K4";"50 Trøndelag - Trööndelage";57610;8,6
"2016K4";"55 Troms - Romsa - Tromssa ";20565;3,1
"2016K4";"56 Finnmark - Finnmárku - Finmarkku";9323;1,4
"2016K4";"98 Utland";2;0
"2016K4";"99 Ukjent";8560;1,3
"2017K1";"00 I alt";675039;100
"2017K1";"03 Oslo";78136;11,6
"2017K1";"11 Rogaland";63970;9,5
"2017K1";"15 Møre og Romsdal";33226;4,9
"2017K1";"18 Nordland - Nordlánnda";29613;4,4
"2017K1";"31 Østfold";37253;5,5
"2017K1";"32 Akershus";91728;13,6
"2017K1";"33 Buskerud";32595;4,8
"2017K1";"34 Innlandet";42884;6,4
"2017K1";"39 Vestfold";30555;4,5
"2017K1";"40 Telemark";20860;3,1
"2017K1";"42 Agder";38554;5,7
"2017K1";"46 Vestland";80050;11,9
"2017K1";"50 Trøndelag - Trööndelage";57793;8,6
"2017K1";"55 Troms - Romsa - Tromssa ";20613;3,1
"2017K1";"56 Finnmark - Finnmárku - Finmarkku";9381;1,4
"2017K1";"98 Utland";2;0
"2017K1";"99 Ukjent";7826;1,2
"2017K2";"00 I alt";674428;100
"2017K2";"03 Oslo";78165;11,6
"2017K2";"11 Rogaland";63910;9,5
"2017K2";"15 Møre og Romsdal";33146;4,9
"2017K2";"18 Nordland - Nordlánnda";29535;4,4
"2017K2";"31 Østfold";37167;5,5
"2017K2";"32 Akershus";91842;13,6
"2017K2";"33 Buskerud";32501;4,8
"2017K2";"34 Innlandet";42766;6,3
"2017K2";"39 Vestfold";30517;4,5
"2017K2";"40 Telemark";20823;3,1
"2017K2";"42 Agder";38483;5,7
"2017K2";"46 Vestland";79866;11,8
"2017K2";"50 Trøndelag - Trööndelage";57735;8,6
"2017K2";"55 Troms - Romsa - Tromssa ";20501;3
"2017K2";"56 Finnmark - Finnmárku - Finmarkku";9346;1,4
"2017K2";"98 Utland";2;0
"2017K2";"99 Ukjent";8123;1,2
"2017K3";"00 I alt";673018;100
"2017K3";"03 Oslo";77908;11,6
"2017K3";"11 Rogaland";63760;9,5
"2017K3";"15 Møre og Romsdal";33135;4,9
"2017K3";"18 Nordland - Nordlánnda";29377;4,4
"2017K3";"31 Østfold";37106;5,5
"2017K3";"32 Akershus";91671;13,6
"2017K3";"33 Buskerud";32513;4,8
"2017K3";"34 Innlandet";42659;6,3
"2017K3";"39 Vestfold";30480;4,5
"2017K3";"40 Telemark";20794;3,1
"2017K3";"42 Agder";38504;5,7
"2017K3";"46 Vestland";79683;11,8
"2017K3";"50 Trøndelag - Trööndelage";57487;8,5
"2017K3";"55 Troms - Romsa - Tromssa ";20439;3
"2017K3";"56 Finnmark - Finnmárku - Finmarkku";9227;1,4
"2017K3";"98 Utland";2;0
"2017K3";"99 Ukjent";8273;1,2
"2017K4";"00 I alt";673073;100
"2017K4";"03 Oslo";77865;11,6
"2017K4";"11 Rogaland";63673;9,5
"2017K4";"15 Møre og Romsdal";33014;4,9
"2017K4";"18 Nordland - Nordlánnda";29328;4,4
"2017K4";"31 Østfold";37167;5,5
"2017K4";"32 Akershus";92010;13,7
"2017K4";"33 Buskerud";32602;4,8
"2017K4";"34 Innlandet";42588;6,3
"2017K4";"39 Vestfold";30448;4,5
"2017K4";"40 Telemark";20723;3,1
"2017K4";"42 Agder";38462;5,7
"2017K4";"46 Vestland";79554;11,8
"2017K4";"50 Trøndelag - Trööndelage";57641;8,6
"2017K4";"55 Troms - Romsa - Tromssa ";20390;3
"2017K4";"56 Finnmark - Finnmárku - Finmarkku";9225;1,4
"2017K4";"98 Utland";2;0
"2017K4";"99 Ukjent";8381;1,2
"2018K1";"00 I alt";670871;100
"2018K1";"03 Oslo";77962;11,6
"2018K1";"11 Rogaland";63557;9,5
"2018K1";"15 Møre og Romsdal";32928;4,9
"2018K1";"18 Nordland - Nordlánnda";29171;4,3
"2018K1";"31 Østfold";37025;5,5
"2018K1";"32 Akershus";91851;13,7
"2018K1";"33 Buskerud";32406;4,8
"2018K1";"34 Innlandet";42415;6,3
"2018K1";"39 Vestfold";30325;4,5
"2018K1";"40 Telemark";20632;3,1
"2018K1";"42 Agder";38301;5,7
"2018K1";"46 Vestland";79327;11,8
"2018K1";"50 Trøndelag - Trööndelage";57423;8,6
"2018K1";"55 Troms - Romsa - Tromssa ";20319;3
"2018K1";"56 Finnmark - Finnmárku - Finmarkku";9236;1,4
"2018K1";"98 Utland";2;0
"2018K1";"99 Ukjent";7991;1,2
"2018K2";"00 I alt";672264;100
"2018K2";"03 Oslo";78274;11,6
"2018K2";"11 Rogaland";63648;9,5
"2018K2";"15 Møre og Romsdal";32892;4,9
"2018K2";"18 Nordland - Nordlánnda";29198;4,3
"2018K2";"31 Østfold";37083;5,5
"2018K2";"32 Akershus";92363;13,7
"2018K2";"33 Buskerud";32468;4,8
"2018K2";"34 Innlandet";42386;6,3
"2018K2";"39 Vestfold";30338;4,5
"2018K2";"40 Telemark";20633;3,1
"2018K2";"42 Agder";38393;5,7
"2018K2";"46 Vestland";79263;11,8
"2018K2";"50 Trøndelag - Trööndelage";57503;8,6
"2018K2";"55 Troms - Romsa - Tromssa ";20302;3
"2018K2";"56 Finnmark - Finnmárku - Finmarkku";9178;1,4
"2018K2";"98 Utland";67;0
"2018K2";"99 Ukjent";8275;1,2
"2018K3";"00 I alt";670922;100
"2018K3";"03 Oslo";78682;11,7
"2018K3";"11 Rogaland";63675;9,5
"2018K3";"15 Møre og Romsdal";33087;4,9
"2018K3";"18 Nordland - Nordlánnda";29137;4,3
"2018K3";"31 Østfold";37385;5,6
"2018K3";"32 Akershus";93309;13,9
"2018K3";"33 Buskerud";32745;4,9
"2018K3";"34 Innlandet";42439;6,3
"2018K3";"39 Vestfold";30420;4,5
"2018K3";"40 Telemark";20572;3,1
"2018K3";"42 Agder";38489;5,7
"2018K3";"46 Vestland";79437;11,8
"2018K3";"50 Trøndelag - Trööndelage";57259;8,5
"2018K3";"55 Troms - Romsa - Tromssa ";20257;3
"2018K3";"56 Finnmark - Finnmárku - Finmarkku";9068;1,4
"2018K3";"98 Utland";4759;0,7
"2018K3";"99 Ukjent";202;0
"2018K4";"00 I alt";670916;100
"2018K4";"03 Oslo";78743;11,7
"2018K4";"11 Rogaland";63592;9,5
"2018K4";"15 Møre og Romsdal";33090;4,9
"2018K4";"18 Nordland - Nordlánnda";29022;4,3
"2018K4";"31 Østfold";37368;5,6
"2018K4";"32 Akershus";93709;14
"2018K4";"33 Buskerud";32762;4,9
"2018K4";"34 Innlandet";42351;6,3
"2018K4";"39 Vestfold";30421;4,5
"2018K4";"40 Telemark";20509;3,1
"2018K4";"42 Agder";38445;5,7
"2018K4";"46 Vestland";79217;11,8
"2018K4";"50 Trøndelag - Trööndelage";57274;8,5
"2018K4";"55 Troms - Romsa - Tromssa ";20244;3
"2018K4";"56 Finnmark - Finnmárku - Finmarkku";9012;1,3
"2018K4";"98 Utland";4930;0,7
"2018K4";"99 Ukjent";227;0
"2019K1";"00 I alt";668962;100
"2019K1";"03 Oslo";79070;11,8
"2019K1";"11 Rogaland";63567;9,5
"2019K1";"15 Møre og Romsdal";33022;4,9
"2019K1";"18 Nordland - Nordlánnda";28965;4,3
"2019K1";"31 Østfold";37167;5,6
"2019K1";"32 Akershus";93404;14
"2019K1";"33 Buskerud";32574;4,9
"2019K1";"34 Innlandet";42261;6,3
"2019K1";"39 Vestfold";30164;4,5
"2019K1";"40 Telemark";20469;3,1
"2019K1";"42 Agder";38229;5,7
"2019K1";"46 Vestland";78750;11,8
"2019K1";"50 Trøndelag - Trööndelage";57000;8,5
"2019K1";"55 Troms - Romsa - Tromssa ";20124;3
"2019K1";"56 Finnmark - Finnmárku - Finmarkku";8977;1,3
"2019K1";"98 Utland";4984;0,7
"2019K1";"99 Ukjent";235;0
"2019K2";"00 I alt";668981;100
"2019K2";"03 Oslo";79183;11,8
"2019K2";"11 Rogaland";63242;9,5
"2019K2";"15 Møre og Romsdal";32888;4,9
"2019K2";"18 Nordland - Nordlánnda";28879;4,3
"2019K2";"31 Østfold";37331;5,6
"2019K2";"32 Akershus";93981;14
"2019K2";"33 Buskerud";32705;4,9
"2019K2";"34 Innlandet";42060;6,3
"2019K2";"39 Vestfold";30291;4,5
"2019K2";"40 Telemark";20333;3
"2019K2";"42 Agder";38177;5,7
"2019K2";"46 Vestland";78640;11,8
"2019K2";"50 Trøndelag - Trööndelage";57158;8,5
"2019K2";"55 Troms - Romsa - Tromssa ";20063;3
"2019K2";"56 Finnmark - Finnmárku - Finmarkku";8925;1,3
"2019K2";"98 Utland";4892;0,7
"2019K2";"99 Ukjent";233;0
"2019K3";"00 I alt";660053;100
"2019K3";"03 Oslo";77903;11,8
"2019K3";"11 Rogaland";62573;9,5
"2019K3";"15 Møre og Romsdal";32327;4,9
"2019K3";"18 Nordland - Nordlánnda";28577;4,3
"2019K3";"31 Østfold";36737;5,6
"2019K3";"32 Akershus";93046;14,1
"2019K3";"33 Buskerud";32232;4,9
"2019K3";"34 Innlandet";41762;6,3
"2019K3";"39 Vestfold";30018;4,5
"2019K3";"40 Telemark";20215;3,1
"2019K3";"42 Agder";38064;5,8
"2019K3";"46 Vestland";77502;11,7
"2019K3";"50 Trøndelag - Trööndelage";56717;8,6
"2019K3";"55 Troms - Romsa - Tromssa ";19779;3
"2019K3";"56 Finnmark - Finnmárku - Finmarkku";8823;1,3
"2019K3";"98 Utland";3555;0,5
"2019K3";"99 Ukjent";223;0
"2019K4";"00 I alt";658650;100
"2019K4";"03 Oslo";78029;11,8
"2019K4";"11 Rogaland";62429;9,5
"2019K4";"15 Møre og Romsdal";32143;4,9
"2019K4";"18 Nordland - Nordlánnda";28403;4,3
"2019K4";"31 Østfold";36712;5,6
"2019K4";"32 Akershus";92896;14,1
"2019K4";"33 Buskerud";32156;4,9
"2019K4";"34 Innlandet";41685;6,3
"2019K4";"39 Vestfold";29998;4,6
"2019K4";"40 Telemark";20177;3,1
"2019K4";"42 Agder";37983;5,8
"2019K4";"46 Vestland";77325;11,7
"2019K4";"50 Trøndelag - Trööndelage";56542;8,6
"2019K4";"55 Troms - Romsa - Tromssa ";19688;3
"2019K4";"56 Finnmark - Finnmárku - Finmarkku";8787;1,3
"2019K4";"98 Utland";3469;0,5
"2019K4";"99 Ukjent";228;0
"2020K1";"00 I alt";659751;100
"2020K1";"03 Oslo";78465;11,9
"2020K1";"11 Rogaland";62676;9,5
"2020K1";"15 Møre og Romsdal";32071;4,9
"2020K1";"18 Nordland - Nordlánnda";28422;4,3
"2020K1";"31 Østfold";36686;5,6
"2020K1";"32 Akershus";93351;14,1
"2020K1";"33 Buskerud";32186;4,9
"2020K1";"34 Innlandet";41699;6,3
"2020K1";"39 Vestfold";29944;4,5
"2020K1";"40 Telemark";20197;3,1
"2020K1";"42 Agder";38007;5,8
"2020K1";"46 Vestland";77299;11,7
"2020K1";"50 Trøndelag - Trööndelage";56661;8,6
"2020K1";"55 Troms - Romsa - Tromssa ";19772;3
"2020K1";"56 Finnmark - Finnmárku - Finmarkku";8791;1,3
"2020K1";"98 Utland";3406;0,5
"2020K1";"99 Ukjent";118;0
"2020K2";"00 I alt";660367;100
"2020K2";"03 Oslo";78904;11,9
"2020K2";"11 Rogaland";62803;9,5
"2020K2";"15 Møre og Romsdal";32099;4,9
"2020K2";"18 Nordland - Nordlánnda";28388;4,3
"2020K2";"31 Østfold";36794;5,6
"2020K2";"32 Akershus";93539;14,2
"2020K2";"33 Buskerud";32176;4,9
"2020K2";"34 Innlandet";41604;6,3
"2020K2";"39 Vestfold";30102;4,6
"2020K2";"40 Telemark";20253;3,1
"2020K2";"42 Agder";37901;5,7
"2020K2";"46 Vestland";77262;11,7
"2020K2";"50 Trøndelag - Trööndelage";56707;8,6
"2020K2";"55 Troms - Romsa - Tromssa ";19782;3
"2020K2";"56 Finnmark - Finnmárku - Finmarkku";8742;1,3
"2020K2";"98 Utland";3281;0,5
"2020K2";"99 Ukjent";30;0
"2020K3";"00 I alt";658145;100
"2020K3";"03 Oslo";78613;11,9
"2020K3";"11 Rogaland";62654;9,5
"2020K3";"15 Møre og Romsdal";31894;4,8
"2020K3";"18 Nordland - Nordlánnda";28232;4,3
"2020K3";"31 Østfold";36746;5,6
"2020K3";"32 Akershus";93602;14,2
"2020K3";"33 Buskerud";32124;4,9
"2020K3";"34 Innlandet";41239;6,3
"2020K3";"39 Vestfold";30032;4,6
"2020K3";"40 Telemark";19995;3
"2020K3";"42 Agder";37799;5,7
"2020K3";"46 Vestland";76880;11,7
"2020K3";"50 Trøndelag - Trööndelage";56545;8,6
"2020K3";"55 Troms - Romsa - Tromssa ";19587;3
"2020K3";"56 Finnmark - Finnmárku - Finmarkku";8660;1,3
"2020K3";"98 Utland";3512;0,5
"2020K3";"99 Ukjent";31;0
"2020K4";"00 I alt";658562;100
"2020K4";"03 Oslo";78509;11,9
"2020K4";"11 Rogaland";62613;9,5
"2020K4";"15 Møre og Romsdal";31914;4,8
"2020K4";"18 Nordland - Nordlánnda";28168;4,3
"2020K4";"31 Østfold";36712;5,6
"2020K4";"32 Akershus";93846;14,3
"2020K4";"33 Buskerud";32207;4,9
"2020K4";"34 Innlandet";41327;6,3
"2020K4";"39 Vestfold";30137;4,6
"2020K4";"40 Telemark";20114;3,1
"2020K4";"42 Agder";37875;5,8
"2020K4";"46 Vestland";76895;11,7
"2020K4";"50 Trøndelag - Trööndelage";56609;8,6
"2020K4";"55 Troms - Romsa - Tromssa ";19530;3
"2020K4";"56 Finnmark - Finnmárku - Finmarkku";8609;1,3
"2020K4";"98 Utland";3461;0,5
"2020K4";"99 Ukjent";36;0
"2021K1";"00 I alt";660272;100
"2021K1";"03 Oslo";78983;12
"2021K1";"11 Rogaland";62904;9,5
"2021K1";"15 Møre og Romsdal";31968;4,8
"2021K1";"18 Nordland - Nordlánnda";28249;4,3
"2021K1";"31 Østfold";36793;5,6
"2021K1";"32 Akershus";94184;14,3
"2021K1";"33 Buskerud";32249;4,9
"2021K1";"34 Innlandet";41154;6,2
"2021K1";"39 Vestfold";30178;4,6
"2021K1";"40 Telemark";20116;3
"2021K1";"42 Agder";37803;5,7
"2021K1";"46 Vestland";77040;11,7
"2021K1";"50 Trøndelag - Trööndelage";56869;8,6
"2021K1";"55 Troms - Romsa - Tromssa ";19560;3
"2021K1";"56 Finnmark - Finnmárku - Finmarkku";8611;1,3
"2021K1";"98 Utland";3562;0,5
"2021K1";"99 Ukjent";49;0
"2021K2";"00 I alt";660481;100
"2021K2";"03 Oslo";79031;12
"2021K2";"11 Rogaland";62936;9,5
"2021K2";"15 Møre og Romsdal";31902;4,8
"2021K2";"18 Nordland - Nordlánnda";28235;4,3
"2021K2";"31 Østfold";36765;5,6
"2021K2";"32 Akershus";94397;14,3
"2021K2";"33 Buskerud";32243;4,9
"2021K2";"34 Innlandet";41097;6,2
"2021K2";"39 Vestfold";30190;4,6
"2021K2";"40 Telemark";20000;3
"2021K2";"42 Agder";37907;5,7
"2021K2";"46 Vestland";77096;11,7
"2021K2";"50 Trøndelag - Trööndelage";56845;8,6
"2021K2";"55 Troms - Romsa - Tromssa ";19554;3
"2021K2";"56 Finnmark - Finnmárku - Finmarkku";8583;1,3
"2021K2";"98 Utland";3657;0,6
"2021K2";"99 Ukjent";43;0
"2021K3";"00 I alt";657760;100
"2021K3";"03 Oslo";78540;11,9
"2021K3";"11 Rogaland";62921;9,6
"2021K3";"15 Møre og Romsdal";31750;4,8
"2021K3";"18 Nordland - Nordlánnda";28002;4,3
"2021K3";"31 Østfold";36736;5,6
"2021K3";"32 Akershus";94317;14,3
"2021K3";"33 Buskerud";32092;4,9
"2021K3";"34 Innlandet";40856;6,2
"2021K3";"39 Vestfold";30072;4,6
"2021K3";"40 Telemark";19889;3
"2021K3";"42 Agder";37819;5,7
"2021K3";"46 Vestland";76501;11,6
"2021K3";"50 Trøndelag - Trööndelage";56460;8,6
"2021K3";"55 Troms - Romsa - Tromssa ";19388;2,9
"2021K3";"56 Finnmark - Finnmárku - Finmarkku";8496;1,3
"2021K3";"98 Utland";3892;0,6
"2021K3";"99 Ukjent";29;0
"2021K4";"00 I alt";660008;100
"2021K4";"03 Oslo";78532;11,9
"2021K4";"11 Rogaland";62978;9,5
"2021K4";"15 Møre og Romsdal";31672;4,8
"2021K4";"18 Nordland - Nordlánnda";28003;4,2
"2021K4";"31 Østfold";36873;5,6
"2021K4";"32 Akershus";95130;14,4
"2021K4";"33 Buskerud";32377;4,9
"2021K4";"34 Innlandet";40888;6,2
"2021K4";"39 Vestfold";30250;4,6
"2021K4";"40 Telemark";19976;3
"2021K4";"42 Agder";37983;5,8
"2021K4";"46 Vestland";76679;11,6
"2021K4";"50 Trøndelag - Trööndelage";56763;8,6
"2021K4";"55 Troms - Romsa - Tromssa ";19381;2,9
"2021K4";"56 Finnmark - Finnmárku - Finmarkku";8495;1,3
"2021K4";"98 Utland";3973;0,6
"2021K4";"99 Ukjent";55;0
"2022K1";"00 I alt";662233;100
"2022K1";"03 Oslo";79126;11,9
"2022K1";"11 Rogaland";63174;9,5
"2022K1";"15 Møre og Romsdal";31737;4,8
"2022K1";"18 Nordland - Nordlánnda";28078;4,2
"2022K1";"31 Østfold";36881;5,6
"2022K1";"32 Akershus";95610;14,4
"2022K1";"33 Buskerud";32528;4,9
"2022K1";"34 Innlandet";40871;6,2
"2022K1";"39 Vestfold";30317;4,6
"2022K1";"40 Telemark";19990;3
"2022K1";"42 Agder";38060;5,7
"2022K1";"46 Vestland";77048;11,6
"2022K1";"50 Trøndelag - Trööndelage";56852;8,6
"2022K1";"55 Troms - Romsa - Tromssa ";19420;2,9
"2022K1";"56 Finnmark - Finnmárku - Finmarkku";8500;1,3
"2022K1";"98 Utland";3998;0,6
"2022K1";"99 Ukjent";43;0
"2022K2";"00 I alt";662121;100
"2022K2";"03 Oslo";79330;12
"2022K2";"11 Rogaland";63159;9,5
"2022K2";"15 Møre og Romsdal";31634;4,8
"2022K2";"18 Nordland - Nordlánnda";27948;4,2
"2022K2";"31 Østfold";36888;5,6
"2022K2";"32 Akershus";95749;14,5
"2022K2";"33 Buskerud";32509;4,9
"2022K2";"34 Innlandet";40801;6,2
"2022K2";"39 Vestfold";30268;4,6
"2022K2";"40 Telemark";19907;3
"2022K2";"42 Agder";38068;5,7
"2022K2";"46 Vestland";76942;11,6
"2022K2";"50 Trøndelag - Trööndelage";56857;8,6
"2022K2";"55 Troms - Romsa - Tromssa ";19391;2,9
"2022K2";"56 Finnmark - Finnmárku - Finmarkku";8452;1,3
"2022K2";"98 Utland";4131;0,6
"2022K2";"99 Ukjent";87;0
"2022K3";"00 I alt";661887;100
"2022K3";"03 Oslo";79218;12
"2022K3";"11 Rogaland";63178;9,5
"2022K3";"15 Møre og Romsdal";31548;4,8
"2022K3";"18 Nordland - Nordlánnda";27744;4,2
"2022K3";"31 Østfold";36951;5,6
"2022K3";"32 Akershus";96108;14,5
"2022K3";"33 Buskerud";32499;4,9
"2022K3";"34 Innlandet";40753;6,2
"2022K3";"39 Vestfold";30313;4,6
"2022K3";"40 Telemark";19856;3
"2022K3";"42 Agder";38177;5,8
"2022K3";"46 Vestland";76777;11,6
"2022K3";"50 Trøndelag - Trööndelage";56767;8,6
"2022K3";"55 Troms - Romsa - Tromssa ";19241;2,9
"2022K3";"56 Finnmark - Finnmárku - Finmarkku";8400;1,3
"2022K3";"98 Utland";4287;0,6
"2022K3";"99 Ukjent";70;0
"2022K4";"00 I alt";662646;100
"2022K4";"03 Oslo";79343;12
"2022K4";"11 Rogaland";63253;9,5
"2022K4";"15 Møre og Romsdal";31486;4,8
"2022K4";"18 Nordland - Nordlánnda";27672;4,2
"2022K4";"31 Østfold";37047;5,6
"2022K4";"32 Akershus";96401;14,5
"2022K4";"33 Buskerud";32537;4,9
"2022K4";"34 Innlandet";40668;6,1
"2022K4";"39 Vestfold";30340;4,6
"2022K4";"40 Telemark";19894;3
"2022K4";"42 Agder";38269;5,8
"2022K4";"46 Vestland";76797;11,6
"2022K4";"50 Trøndelag - Trööndelage";56805;8,6
"2022K4";"55 Troms - Romsa - Tromssa ";19259;2,9
"2022K4";"56 Finnmark - Finnmárku - Finmarkku";8366;1,3
"2022K4";"98 Utland";4402;0,7
"2022K4";"99 Ukjent";107;0
"2023K1";"00 I alt";662951;100
"2023K1";"03 Oslo";79599;12
"2023K1";"11 Rogaland";63326;9,6
"2023K1";"15 Møre og Romsdal";31469;4,7
"2023K1";"18 Nordland - Nordlánnda";27644;4,2
"2023K1";"31 Østfold";36944;5,6
"2023K1";"32 Akershus";96473;14,6
"2023K1";"33 Buskerud";32572;4,9
"2023K1";"34 Innlandet";40645;6,1
"2023K1";"39 Vestfold";30261;4,6
"2023K1";"40 Telemark";19899;3
"2023K1";"42 Agder";38279;5,8
"2023K1";"46 Vestland";76793;11,6
"2023K1";"50 Trøndelag - Trööndelage";56842;8,6
"2023K1";"55 Troms - Romsa - Tromssa ";19259;2,9
"2023K1";"56 Finnmark - Finnmárku - Finmarkku";8356;1,3
"2023K1";"98 Utland";4447;0,7
"2023K1";"99 Ukjent";143;0
"2023K2";"00 I alt";664782;100
"2023K2";"03 Oslo";79886;12
"2023K2";"11 Rogaland";63664;9,6
"2023K2";"15 Møre og Romsdal";31458;4,7
"2023K2";"18 Nordland - Nordlánnda";27642;4,2
"2023K2";"31 Østfold";37112;5,6
"2023K2";"32 Akershus";96712;14,5
"2023K2";"33 Buskerud";32674;4,9
"2023K2";"34 Innlandet";40764;6,1
"2023K2";"39 Vestfold";30346;4,6
"2023K2";"40 Telemark";19976;3
"2023K2";"42 Agder";38399;5,8
"2023K2";"46 Vestland";76823;11,6
"2023K2";"50 Trøndelag - Trööndelage";56944;8,6
"2023K2";"55 Troms - Romsa - Tromssa ";19221;2,9
"2023K2";"56 Finnmark - Finnmárku - Finmarkku";8362;1,3
"2023K2";"98 Utland";4612;0,7
"2023K2";"99 Ukjent";187;0
"2023K3";"00 I alt";667038;100
"2023K3";"03 Oslo";80185;12
"2023K3";"11 Rogaland";63834;9,6
"2023K3";"15 Møre og Romsdal";31583;4,7
"2023K3";"18 Nordland - Nordlánnda";27675;4,1
"2023K3";"31 Østfold";37314;5,6
"2023K3";"32 Akershus";97068;14,6
"2023K3";"33 Buskerud";32790;4,9
"2023K3";"34 Innlandet";40949;6,1
"2023K3";"39 Vestfold";30496;4,6
"2023K3";"40 Telemark";20058;3
"2023K3";"42 Agder";38548;5,8
"2023K3";"46 Vestland";76845;11,5
"2023K3";"50 Trøndelag - Trööndelage";56919;8,5
"2023K3";"55 Troms - Romsa - Tromssa ";19205;2,9
"2023K3";"56 Finnmark - Finnmárku - Finmarkku";8389;1,3
"2023K3";"98 Utland";4992;0,7
"2023K3";"99 Ukjent";188;0
"2023K4";"00 I alt";670315;100
"2023K4";"03 Oslo";80500;12
"2023K4";"11 Rogaland";64056;9,6
"2023K4";"15 Møre og Romsdal";31776;4,7
"2023K4";"18 Nordland - Nordlánnda";27838;4,2
"2023K4";"31 Østfold";37436;5,6
"2023K4";"32 Akershus";97710;14,6
"2023K4";"33 Buskerud";32976;4,9
"2023K4";"34 Innlandet";41109;6,1
"2023K4";"39 Vestfold";30542;4,6
"2023K4";"40 Telemark";20117;3
"2023K4";"42 Agder";38707;5,8
"2023K4";"46 Vestland";77146;11,5
"2023K4";"50 Trøndelag - Trööndelage";57205;8,5
"2023K4";"55 Troms - Romsa - Tromssa ";19282;2,9
"2023K4";"56 Finnmark - Finnmárku - Finmarkku";8454;1,3
"2023K4";"98 Utland";5272;0,8
"2023K4";"99 Ukjent";189;0
"2024K1";"00 I alt";666205;100
"2024K1";"03 Oslo";80175;12
"2024K1";"11 Rogaland";63985;9,6
"2024K1";"15 Møre og Romsdal";31640;4,7
"2024K1";"18 Nordland - Nordlánnda";27869;4,2
"2024K1";"31 Østfold";37095;5,6
"2024K1";"32 Akershus";96995;14,6
"2024K1";"33 Buskerud";32576;4,9
"2024K1";"34 Innlandet";40849;6,1
"2024K1";"39 Vestfold";30256;4,5
"2024K1";"40 Telemark";20095;3
"2024K1";"42 Agder";38612;5,8
"2024K1";"46 Vestland";76760;11,5
"2024K1";"50 Trøndelag - Trööndelage";57116;8,6
"2024K1";"55 Troms - Romsa - Tromssa ";19207;2,9
"2024K1";"56 Finnmark - Finnmárku - Finmarkku";8451;1,3
"2024K1";"98 Utland";4361;0,7
"2024K1";"99 Ukjent";163;0
"2024K2";"00 I alt";665848;100
"2024K2";"03 Oslo";80251;12,1
"2024K2";"11 Rogaland";63894;9,6
"2024K2";"15 Møre og Romsdal";31502;4,7
"2024K2";"18 Nordland - Nordlánnda";27857;4,2
"2024K2";"31 Østfold";37091;5,6
"2024K2";"32 Akershus";97071;14,6
"2024K2";"33 Buskerud";32528;4,9
"2024K2";"34 Innlandet";40831;6,1
"2024K2";"39 Vestfold";30245;4,5
"2024K2";"40 Telemark";20136;3
"2024K2";"42 Agder";38632;5,8
"2024K2";"46 Vestland";76619;11,5
"2024K2";"50 Trøndelag - Trööndelage";57076;8,6
"2024K2";"55 Troms - Romsa - Tromssa ";19157;2,9
"2024K2";"56 Finnmark - Finnmárku - Finmarkku";8392;1,3
"2024K2";"98 Utland";4411;0,7
"2024K2";"99 Ukjent";155;0
"2024K3";"00 I alt";666807;100
"2024K3";"03 Oslo";80205;12
"2024K3";"11 Rogaland";63975;9,6
"2024K3";"15 Møre og Romsdal";31546;4,7
"2024K3";"18 Nordland - Nordlánnda";27796;4,2
"2024K3";"31 Østfold";37137;5,6
"2024K3";"32 Akershus";97402;14,6
"2024K3";"33 Buskerud";32588;4,9
"2024K3";"34 Innlandet";40827;6,1
"2024K3";"39 Vestfold";30327;4,5
"2024K3";"40 Telemark";20163;3
"2024K3";"42 Agder";38724;5,8
"2024K3";"46 Vestland";76693;11,5
"2024K3";"50 Trøndelag - Trööndelage";57075;8,6
"2024K3";"55 Troms - Romsa - Tromssa ";19100;2,9
"2024K3";"56 Finnmark - Finnmárku - Finmarkku";8307;1,2
"2024K3";"98 Utland";4790;0,7
"2024K3";"99 Ukjent";152;0
"2024K4";"00 I alt";669146;100
"2024K4";"03 Oslo";80472;12
"2024K4";"11 Rogaland";64219;9,6
"2024K4";"15 Møre og Romsdal";31715;4,7
"2024K4";"18 Nordland - Nordlánnda";27935;4,2
"2024K4";"31 Østfold";37265;5,6
"2024K4";"32 Akershus";97680;14,6
"2024K4";"33 Buskerud";32620;4,9
"2024K4";"34 Innlandet";41018;6,1
"2024K4";"39 Vestfold";30437;4,5
"2024K4";"40 Telemark";20226;3
"2024K4";"42 Agder";38837;5,8
"2024K4";"46 Vestland";76943;11,5
"2024K4";"50 Trøndelag - Trööndelage";57408;8,6
"2024K4";"55 Troms - Romsa - Tromssa ";19144;2,9
"2024K4";"56 Finnmark - Finnmárku - Finmarkku";8317;1,2
"2024K4";"98 Utland";4769;0,7
"2024K4";"99 Ukjent";141;0
"2025K1";"00 I alt";669695;100
"2025K1";"03 Oslo";80576;12
"2025K1";"11 Rogaland";64295;9,6
"2025K1";"15 Møre og Romsdal";31737;4,7
"2025K1";"18 Nordland - Nordlánnda";27901;4,2
"2025K1";"31 Østfold";37212;5,6
"2025K1";"32 Akershus";97779;14,6
"2025K1";"33 Buskerud";32560;4,9
"2025K1";"34 Innlandet";41011;6,1
"2025K1";"39 Vestfold";30412;4,5
"2025K1";"40 Telemark";20142;3
"2025K1";"42 Agder";38880;5,8
"2025K1";"46 Vestland";77046;11,5
"2025K1";"50 Trøndelag - Trööndelage";57452;8,6
"2025K1";"55 Troms - Romsa - Tromssa ";19164;2,9
"2025K1";"56 Finnmark - Finnmárku - Finmarkku";8337;1,2
"2025K1";"98 Utland";5029;0,8
"2025K1";"99 Ukjent";162;0
"2025K2";"00 I alt";669431;100
"2025K2";"03 Oslo";80627;12
"2025K2";"11 Rogaland";64402;9,6
"2025K2";"15 Møre og Romsdal";31695;4,7
"2025K2";"18 Nordland - Nordlánnda";27764;4,1
"2025K2";"31 Østfold";37173;5,6
"2025K2";"32 Akershus";97839;14,6
"2025K2";"33 Buskerud";32502;4,9
"2025K2";"34 Innlandet";40997;6,1
"2025K2";"39 Vestfold";30343;4,5
"2025K2";"40 Telemark";20062;3
"2025K2";"42 Agder";38813;5,8
"2025K2";"46 Vestland";76812;11,5
"2025K2";"50 Trøndelag - Trööndelage";57446;8,6
"2025K2";"55 Troms - Romsa - Tromssa ";19134;2,9
"2025K2";"56 Finnmark - Finnmárku - Finmarkku";8349;1,2
"2025K2";"98 Utland";5307;0,8
"2025K2";"99 Ukjent";166;0
"2025K3";"00 I alt";669754;100
"2025K3";"03 Oslo";80578;12
"2025K3";"11 Rogaland";64456;9,6
"2025K3";"15 Møre og Romsdal";31618;4,7
"2025K3";"18 Nordland - Nordlánnda";27737;4,1
"2025K3";"31 Østfold";37226;5,6
"2025K3";"32 Akershus";98024;14,6
"2025K3";"33 Buskerud";32511;4,9
"2025K3";"34 Innlandet";41082;6,1
"2025K3";"39 Vestfold";30326;4,5
"2025K3";"40 Telemark";20038;3
"2025K3";"42 Agder";38845;5,8
"2025K3";"46 Vestland";76718;11,5
"2025K3";"50 Trøndelag - Trööndelage";57374;8,6
"2025K3";"55 Troms - Romsa - Tromssa ";19054;2,8
"2025K3";"56 Finnmark - Finnmárku - Finmarkku";8364;1,2
"2025K3";"98 Utland";5657;0,8
"2025K3";"99 Ukjent";146;0
